_source,title,price,availability,url
books,A Light in the Attic,£51.77,In stock,https://books.toscrape.com/catalogue/a-light-in-the-attic_1000/index.html
books,Tipping the Velvet,£53.74,In stock,https://books.toscrape.com/catalogue/tipping-the-velvet_999/index.html
books,Soumission,£50.10,In stock,https://books.toscrape.com/catalogue/soumission_998/index.html
books,Sharp Objects,£47.82,In stock,https://books.toscrape.com/catalogue/sharp-objects_997/index.html
books,Sapiens: A Brief History of Humankind,£54.23,In stock,https://books.toscrape.com/catalogue/sapiens-a-brief-history-of-humankind_996/index.html
books,The Requiem Red,£22.65,In stock,https://books.toscrape.com/catalogue/the-requiem-red_995/index.html
books,The Dirty Little Secrets of Getting Your Dream Job,£33.34,In stock,https://books.toscrape.com/catalogue/the-dirty-little-secrets-of-getting-your-dream-job_994/index.html
books,"The Coming Woman: A Novel Based on the Life of the Infamous Feminist, Victoria Woodhull",£17.93,In stock,https://books.toscrape.com/catalogue/the-coming-woman-a-novel-based-on-the-life-of-the-infamous-feminist-victoria-woodhull_993/index.html
books,The Boys in the Boat: Nine Americans and Their Epic Quest for Gold at the 1936 Berlin Olympics,£22.60,In stock,https://books.toscrape.com/catalogue/the-boys-in-the-boat-nine-americans-and-their-epic-quest-for-gold-at-the-1936-berlin-olympics_992/index.html
books,The Black Maria,£52.15,In stock,https://books.toscrape.com/catalogue/the-black-maria_991/index.html
books,"Starving Hearts (Triangular Trade Trilogy, #1)",£13.99,In stock,https://books.toscrape.com/catalogue/starving-hearts-triangular-trade-trilogy-1_990/index.html
books,Shakespeare's Sonnets,£20.66,In stock,https://books.toscrape.com/catalogue/shakespeares-sonnets_989/index.html
books,Set Me Free,£17.46,In stock,https://books.toscrape.com/catalogue/set-me-free_988/index.html
books,Scott Pilgrim's Precious Little Life (Scott Pilgrim #1),£52.29,In stock,https://books.toscrape.com/catalogue/scott-pilgrims-precious-little-life-scott-pilgrim-1_987/index.html
books,Rip it Up and Start Again,£35.02,In stock,https://books.toscrape.com/catalogue/rip-it-up-and-start-again_986/index.html
books,"Our Band Could Be Your Life: Scenes from the American Indie Underground, 1981-1991",£57.25,In stock,https://books.toscrape.com/catalogue/our-band-could-be-your-life-scenes-from-the-american-indie-underground-1981-1991_985/index.html
books,Olio,£23.88,In stock,https://books.toscrape.com/catalogue/olio_984/index.html
books,Mesaerion: The Best Science Fiction Stories 1800-1849,£37.59,In stock,https://books.toscrape.com/catalogue/mesaerion-the-best-science-fiction-stories-1800-1849_983/index.html
books,Libertarianism for Beginners,£51.33,In stock,https://books.toscrape.com/catalogue/libertarianism-for-beginners_982/index.html
books,It's Only the Himalayas,£45.17,In stock,https://books.toscrape.com/catalogue/its-only-the-himalayas_981/index.html
books,In Her Wake,£12.84,In stock,https://books.toscrape.com/catalogue/in-her-wake_980/index.html
books,How Music Works,£37.32,In stock,https://books.toscrape.com/catalogue/how-music-works_979/index.html
books,"Foolproof Preserving: A Guide to Small Batch Jams, Jellies, Pickles, Condiments, and More: A Foolproof Guide to Making Small Batch Jams, Jellies, Pickles, Condiments, and More",£30.52,In stock,https://books.toscrape.com/catalogue/foolproof-preserving-a-guide-to-small-batch-jams-jellies-pickles-condiments-and-more-a-foolproof-guide-to-making-small-batch-jams-jellies-pickles-condiments-and-more_978/index.html
books,Chase Me (Paris Nights #2),£25.27,In stock,https://books.toscrape.com/catalogue/chase-me-paris-nights-2_977/index.html
books,Black Dust,£34.53,In stock,https://books.toscrape.com/catalogue/black-dust_976/index.html
books,Birdsong: A Story in Pictures,£54.64,In stock,https://books.toscrape.com/catalogue/birdsong-a-story-in-pictures_975/index.html
books,America's Cradle of Quarterbacks: Western Pennsylvania's Football Factory from Johnny Unitas to Joe Montana,£22.50,In stock,https://books.toscrape.com/catalogue/americas-cradle-of-quarterbacks-western-pennsylvanias-football-factory-from-johnny-unitas-to-joe-montana_974/index.html
books,Aladdin and His Wonderful Lamp,£53.13,In stock,https://books.toscrape.com/catalogue/aladdin-and-his-wonderful-lamp_973/index.html
books,Worlds Elsewhere: Journeys Around Shakespeare’s Globe,£40.30,In stock,https://books.toscrape.com/catalogue/worlds-elsewhere-journeys-around-shakespeares-globe_972/index.html
books,Wall and Piece,£44.18,In stock,https://books.toscrape.com/catalogue/wall-and-piece_971/index.html
books,The Four Agreements: A Practical Guide to Personal Freedom,£17.66,In stock,https://books.toscrape.com/catalogue/the-four-agreements-a-practical-guide-to-personal-freedom_970/index.html
books,The Five Love Languages: How to Express Heartfelt Commitment to Your Mate,£31.05,In stock,https://books.toscrape.com/catalogue/the-five-love-languages-how-to-express-heartfelt-commitment-to-your-mate_969/index.html
books,The Elephant Tree,£23.82,In stock,https://books.toscrape.com/catalogue/the-elephant-tree_968/index.html
books,The Bear and the Piano,£36.89,In stock,https://books.toscrape.com/catalogue/the-bear-and-the-piano_967/index.html
books,Sophie's World,£15.94,In stock,https://books.toscrape.com/catalogue/sophies-world_966/index.html
books,Penny Maybe,£33.29,In stock,https://books.toscrape.com/catalogue/penny-maybe_965/index.html
books,Maude (1883-1993):She Grew Up with the country,£18.02,In stock,https://books.toscrape.com/catalogue/maude-1883-1993she-grew-up-with-the-country_964/index.html
books,"In a Dark, Dark Wood",£19.63,In stock,https://books.toscrape.com/catalogue/in-a-dark-dark-wood_963/index.html
books,Behind Closed Doors,£52.22,In stock,https://books.toscrape.com/catalogue/behind-closed-doors_962/index.html
books,You can't bury them all: Poems,£33.63,In stock,https://books.toscrape.com/catalogue/you-cant-bury-them-all-poems_961/index.html
books,Slow States of Collapse: Poems,£57.31,In stock,https://books.toscrape.com/catalogue/slow-states-of-collapse-poems_960/index.html
books,Reasons to Stay Alive,£26.41,In stock,https://books.toscrape.com/catalogue/reasons-to-stay-alive_959/index.html
books,Private Paris (Private #10),£47.61,In stock,https://books.toscrape.com/catalogue/private-paris-private-10_958/index.html
books,#HigherSelfie: Wake Up Your Life. Free Your Soul. Find Your Tribe.,£23.11,In stock,https://books.toscrape.com/catalogue/higherselfie-wake-up-your-life-free-your-soul-find-your-tribe_957/index.html
books,Without Borders (Wanderlove #1),£45.07,In stock,https://books.toscrape.com/catalogue/without-borders-wanderlove-1_956/index.html
books,When We Collided,£31.77,In stock,https://books.toscrape.com/catalogue/when-we-collided_955/index.html
books,"We Love You, Charlie Freeman",£50.27,In stock,https://books.toscrape.com/catalogue/we-love-you-charlie-freeman_954/index.html
books,Untitled Collection: Sabbath Poems 2014,£14.27,In stock,https://books.toscrape.com/catalogue/untitled-collection-sabbath-poems-2014_953/index.html
books,"Unseen City: The Majesty of Pigeons, the Discreet Charm of Snails & Other Wonders of the Urban Wilderness",£44.18,In stock,https://books.toscrape.com/catalogue/unseen-city-the-majesty-of-pigeons-the-discreet-charm-of-snails-other-wonders-of-the-urban-wilderness_952/index.html
books,Unicorn Tracks,£18.78,In stock,https://books.toscrape.com/catalogue/unicorn-tracks_951/index.html
books,"Unbound: How Eight Technologies Made Us Human, Transformed Society, and Brought Our World to the Brink",£25.52,In stock,https://books.toscrape.com/catalogue/unbound-how-eight-technologies-made-us-human-transformed-society-and-brought-our-world-to-the-brink_950/index.html
books,Tsubasa: WoRLD CHRoNiCLE 2 (Tsubasa WoRLD CHRoNiCLE #2),£16.28,In stock,https://books.toscrape.com/catalogue/tsubasa-world-chronicle-2-tsubasa-world-chronicle-2_949/index.html
books,Throwing Rocks at the Google Bus: How Growth Became the Enemy of Prosperity,£31.12,In stock,https://books.toscrape.com/catalogue/throwing-rocks-at-the-google-bus-how-growth-became-the-enemy-of-prosperity_948/index.html
books,This One Summer,£19.49,In stock,https://books.toscrape.com/catalogue/this-one-summer_947/index.html
books,Thirst,£17.27,In stock,https://books.toscrape.com/catalogue/thirst_946/index.html
books,The Torch Is Passed: A Harding Family Story,£19.09,In stock,https://books.toscrape.com/catalogue/the-torch-is-passed-a-harding-family-story_945/index.html
books,The Secret of Dreadwillow Carse,£56.13,In stock,https://books.toscrape.com/catalogue/the-secret-of-dreadwillow-carse_944/index.html
books,"The Pioneer Woman Cooks: Dinnertime: Comfort Classics, Freezer Food, 16-Minute Meals, and Other Delicious Ways to Solve Supper!",£56.41,In stock,https://books.toscrape.com/catalogue/the-pioneer-woman-cooks-dinnertime-comfort-classics-freezer-food-16-minute-meals-and-other-delicious-ways-to-solve-supper_943/index.html
books,The Past Never Ends,£56.50,In stock,https://books.toscrape.com/catalogue/the-past-never-ends_942/index.html
books,The Natural History of Us (The Fine Art of Pretending #2),£45.22,In stock,https://books.toscrape.com/catalogue/the-natural-history-of-us-the-fine-art-of-pretending-2_941/index.html
